{"cameraMode":{"drawMode":0,"name":"Shaded","section":"Shading Mode"},"sceneLighting":true,"audioPlay":false,"sceneViewState":{"m_AlwaysRefresh":false,"showFog":true,"showSkybox":true,"showFlares":true,"showImageEffects":true,"showParticleSystems":true,"showVisualEffectGraphs":true,"m_FxEnabled":true},"in2DMode":false,"pivot":{"x":-1.4861083030700684,"y":-2.4090702533721926,"z":13.516918182373047},"rotation":{"x":-0.08114117383956909,"y":0.04393695294857025,"z":-0.00358046917244792,"w":-0.9957268238067627},"size":8.974747657775879,"orthographic":false}